Grammar Point,Meaning,Korean Example,English Example
이/가,is [subject particle],이름이 뭐예요?,What is your name?
은/는,is / am [topic particle],선생님은 지금 안 계세요.,The teacher is not here now.
을/를,[object particle],책을 읽어요.,I am reading a book.
(이)랑,with,친구랑 같이 왔어요.,I came with a friend.
의,[subject]'s,내 친구의 그림은 아주 멋져요.,My friend's drawing is so awesome.
게,make [adj],싸게 해 주세요.,"Please, make the price cheaper."
ㅂ/습니다,formal polite style,내일 한국에 갑니다.,I am going to Korea tomorrow.
아/어요,informal polite style,좋아요.,That is good.
-에 의해(서),by~,역경은 희망에 의해서 극복할 수 있다.,Hardship can be overcome by hope.
(으)ㄴ 적이 없다,I have not,저는 한국에 가본 적이 없어요.,I have not been to Korea.
(으)ㄹ 수 없다,can not,여기서는 사진을 찍을 수 없어요.,You can't take a photo here.
지 말다,do not,담배 피우지 마세요.,"Please, do not smoke."
지 못하다,can not,도와주지 못 해서 죄송해요.,I am sorry that I can't help much.
지 않다,not,지하철 타지 않고 걸어갈게요.,I will not take a subway and instead I will walk.
이/가 아니다,not,제 물건이 아니에요.,That is not mine.
-(으)ㄴ/는/(으)ㄹ 줄 몰랐다,did not know~,공무원 시험에 합격할 줄 몰랐다.,I did not know that I passed the civil servant examination.
-(으)나 마나,no use to-,길을 물어보나 마나예요.,It is no use to ask him the direction.
-(으)ㄹ지(도) 모르다,don't know~,어떻게 편집해야할지 잘 모르겠어요.,I don't know how I should edit it.
-기는(요),no need to~,고맙기는요. 별말씀을요.,No need to thank me. (No problem.)
-기에(는),not good for~,축구하기에는 날씨가 안 좋아요.,The weather is not good for playing soccer.
아무 -도,no~,아무 걱정도 없어요.,I have no worries at all.
에서,from,공항에서 지하철 타고 왔어요.,I came by subway from the airport.
까지,until,강남까지 가고 싶어요.,I want to go until Gangnam .
부터,from,지하철은 아침 5시부터 운영해요.,The subway operates from 5 am in the morning.
에게서,from,호텔 직원에게서 받았어요.,I got it from the hotel staff.
한테서,from,이거는 친구한테서 선물로 받은 거예요.,I got this as a present from my friend.
-을/를 통해(서),from~,그 배우는 드라마를 통해서 알게 되었어요.,I got to know that actor from a TV series.
에,to,남대문 시장에 가고 싶어요.,I want to go to Namdaemun market.
(으)로,to,저는 학교로 가는 길이에요.,I am on my way to school.
(으)로,to,저는 부산으로 가요.,I am going to Busan.
께,to [polite form],부모님께 드리고 싶어요.,I want to give it to my parents.
께서,[honorific nominative marker],할머니께서 부탁하셨어요.,My grandmother has asked me to.
에게,to,우리 엄마에게 주고 싶어요.,I want to give it to my mother.
한테,to,백화점 안내원한테 물어보세요.,Please ask it to the department store receptionist.
-(으)라고 하다,told me to~,아버지가 빨리 손을 씻으라고 했어요.,Dad told me to wash my hands quickly.
-기 위해(서),to~,문제를 해결하기 위해서 다같이 모였다.,We gathered together to resolve the issue.
-에 대해(서),to~,부부는 서로에 대해서 배려해야 한다.,Married couples have to show respect to each other.
(으)러 가다,go (in order) to,한국에 관광하러 갈 거예요.,I will go to Korea to travel.
(으)러 오다,come (in order) to,여기에 예약하러 왔어요.,I came here to make a reservation.
는데,for,입국심사하는데 별로 많이 안 기다렸어요.,I didn't wait much for immigration.
-(으)려면,in order to~,기념사진을 찍으려면 배경은 아름다워야한다.,"In order to take a memorial picture, the background has to be beautiful."
-느라고,for~,숙제하느라고 삼촌을 만날 시간이 없었다. | I was busy with homework that I didn't have time to meet my uncle.,
-도록,so that~,이 은혜를 갚도록 항상 최선을 다하겠습니다.,I will try my best to return this favor.
-에 관해(서),about~,인기 가수에 관해서 새로운 뉴스가 나왔어요.,The latest news about a famous singer got released.
치고(는),for~,아이돌치고는 나이가 많다.,He is old for an idol.
(으)ㄴ데(요),although,"역에서 좀 먼데요,","Although it is a little far from the station,"
-(으)ㄴ/는 반면(에),Although ~,택시는 편리한 반면에 지하철보다 비싼다.,"Although a taxi is convenient, it is more expensive than a subway."
(으)ㄴ 지,since,한국에 온 지 3일이 지났습니다.,Three days have passed since I came to Korea.
(으)니까,because / since,달러 밖에 없으니까 환전해야 돼요.,I need to exchange money because I only have dollars.
(으)면,if,부산에 가면 뭘 볼 수 있을까요?,What can I see if I go to Busan?
기 때문에,because of,너무 많이 걸었기 때문에 다리가 아파요.,My leg hurts because of walking too much.
-(으)ㄴ/는 걸 보니(까),since~,돈을 많이 쓰는 걸 보니 부자인가 봐.,He must be rich since he is using a lot of money.
-(으)ㄴ/는 탓에,Because~ (negative),운동 안 한 탓에 살이 많이 쪘어요.,"Because I did not work out, I gained a lot of weight."
-(으)니까(요),Because~ (neutral),열심히 공부하니까 성적이 우수하다.,"Because he studies hard, he is a good student."
-(으)로 인해(서),due to~,그 이야기는 인터넷으로 인해 확산되었다.,The story is widespread due to the Internet.
-거든,because,어려보여도 제가 상사거든요.,Because I am your boss even though I look young.
-길래,since~,남편이 레스토랑에 안 오길래 난 바람맞은 줄 알았다.,"Since my husband did not come to a restaurant, I thought he cancel the plan at the last minute."
-ㄴ/는다고 치다,if~,일본에 간다고 치면 어디로 갈까요?,"If I go to Japan, where should I visit?"
-ㄴ/는다면,if~,운동선수가 되고 싶다면 전문학원에 등록해야 돼.,"If you want to be an athlete, you need to register for a professional academy."
-는 덕분에,thanks to~,버스가 늦게 온 덕분에 탈 수 있었다.,I was able to ride the bus thanks to the fact that it was delayed.
-는 바람에,because~,공부를 안 하는 바람에 성적이 떨어졌어요.,My grade dropped because I did not study.
-는 통에,because~,아이들이 떠드는 통에 집중할 수 없었어요.,I was not able to concentrate because the children were too noisy.
-아/어서 그런지,probably becase~,나이가 들어서 그런지 몸이 예전같지 않다.,I feel not as strong as before probably because I am getting old.
와/과,and,토미 씨와 친구예요.,Tommy and I are friends.
(이)랑,and,설렁탕이랑 김밥 주세요.,"Please, give me seoulleongtang and kimbap."
하고,and,양념 치킨하고 맥주 주세요.,"Please, give me yangnyeom chicken and beer."
도,also / as well,내일도 오늘도 비가 와요.,It is raining also today and tomorrow.
거나,and/or,시장에 가거나 카페에 가고 싶어요.,I want to go to a market or a café.
고,and (then),밥 먹고 자요.,I will eat food and sleep.
-(으)ㄹ 겸 (해서),And also,그에게 사과할 겸 해서 편지를 썼어요.,I wrote a letter and also apologize.
-(으)며,and~,내 남자친구는 피아노도 잘 치며 노래도 잘한다.,My boyfriend is good at playing piano and singing.
-는 한편,also~,회사에 다니는 한편 부업도 한다.,I am working at a company and also doing a side job.
-을/를 비롯한,including~,나를 비롯한 모든 사람들이 그 아이디어에 찬성한다.,Everybody including me agreed on the idea.
아무 -(이)나,any~,아무 옷이나 가져오세요.,Bring any kind of clothes.
(이)나,or,버스나 지하철 타고 갈게요.,I will take a bus or a subway.
(이)나,rather,밥이나 먹으러 가고 싶어요.,I want to rather go eat.
-ㄴ/는다거나,or~,독서한다거나 영화를 보러 간다.,I read some books or go watch a movie.
-는 대신(에),instead of~,술을 마시는 대신에 녹차를 마시자.,Let's drink green tea instead of alcohol.
(이)라도,rather~,이 문제지라도 풀어볼래요?,Would you like to rather solve this problem?
(으)ㄴ데(요),but,"죄송한데요, 길 좀 알려줄 수 있어요?","Excuse me, but can you tell me the way?"
지만,but / however,오래 전에 주문했지만 요리가 아직 안 왔어요.,"We have ordered the dishes a while ago, but they are not here yet."
-(으)ㄴ/는걸(요) ~,though.,아직 졸린걸요.,I am still sleepy though.
-(으)ㄴ/는데(요),But ~,이 요리는 생각보다 맛있는데요.,But this dish is more delicious than I thought.
-기는 하지만,but~,한국어는 어렵기는 하지만 재미도 있어요.,Korean is difficult but fun to learn.
-ㄴ/는다더니,but~,우리 남편은 일찍 돌아온다더니 아직도 집에 안 왔다.,"My husband said he will be back soon, but he was still not home."
(으)ㄴ 후에,after,쇼핑한 후에 밥 먹었습니다.,I ate after shopping.
기 전에,before,결제하기 전에 확인하고 싶은 게 있는데요.,I want to check something before making the payment.
-고 나니(까),after~,푹 쉬고 나니 열이 내려갔어요.,"After resting well, the fever got better."
-고 나면,after~,청소하고 나면 기분이 상쾌해진다.,"After cleaning the house, I feel refreshed."
-고 나서,after~,이메일 먼저 확인하고 나서 연락드릴게요.,"After checking the e-mail first, I will contact with you."
-고 말다,ended up~,밤늦게까지 게임하고 말았어요.,I ended up playing a game until late at night.
-더니 ~and,then,강의에 늦었더니 강사님이 야단치셨다.,I was late for class and then the teacher scolded me.
처럼,like / similar to,배우처럼 생기셨네요.,You look like an actor.
-(으)ㄴ/는 만큼,as much as (doing sth.),웃는 만큼 인생은 행복해진다.,Life becomes more fun as much as you laugh.
-(으)니만큼,As~,노력하니만큼 결과가 기대된다.,"As I tried hard, I am looking forward to the result."
-(으)ㄹ수록 (adj.)er,as~,가면 갈수록 그 산길은 힘들어져요.,The mountain road is getting harder as you go further.
-(으)로서,as a~,선배로서 충고 하나 할게.,Let me give you some advice as a senior.
-(으)므로,as (sub.) needs to~,아침 일찍 일어나야 하므로 이제 잡니다.,"As I need to wake up early in the morning, I am going to sleep now."
-기만 하면 (되다),as long as~,단어를 외우기만 하면 100점이다.,"As long as you memorize the vocabulary, you will get a full score."
-는 대로,as~,바라는 대로 이루어진다.,You can become as you wish.
-는 셈 치다,considering~,연습하는 셈 치고 오디션에 간다.,I take auditions considering them as practices.
-다시피,as~,보다시피 요즘 직장인들은 바빠요.,"As you can see, employees these days are busy."
-대로,as~,교수님의 말씀대로 하자.,Let's do as the professor told us.
-듯이,like~,미친 듯이 춤췄다.,I danced like a crazy person.
-만 못하다,not as~,중고는 신제품만 못해요.,Second-hand is not as good as a new product.
-자마자,as soon as~,사장님은 좋은 소식을 듣자마자 미소 지었다.,The boss smiled as soon as he heard the good news.
만큼,as~,가족만큼 중요한 것은 없다.,There is nothing as important as family.
(이)나,even,쇼핑하는데 열 시간이나 걸렸어요.,It took even ten hours to shop.
-(으)ㄴ/는들,Even if~,내가 간들 소용없다.,"Even if I go, it won't help much."
-ㄴ/는다고 해도,even if~,금연한다고 해도 잘 안 된다.,"Even if I am trying to quit smoking, it is difficult."
-는/은커녕,even~,술은커녕 차도 못 마셨어요.,"I could not drink alcohol, not even tea."
-더라도,even~,힘겨운 일이 있더라도 참는다.,I endure even when I am having a hard time.
-아/어도,even~,설명 들어도 이해 못 하겠어요.,I can't understand even after listening to the explanation.
마저,even~,숙제가 많은 데다가 시간마저 부족하다.,"I have a lot of homework, but even the time is running out."
조차,even~,기다림조차 설렙니다.,Even the waiting time is exciting for me.
만,only,지금 5000원만 있어요.,I have only 5000 won now.
밖에,only,시간이 한 시간밖에 없어요.,There is only one hour of time.
-(으)ㄹ 뿐이다,just~,국적이 다를 뿐이지 같은 인간이에요.,"We just have different nationalities, but we're the same human beings."
-(으)ㄹ 뿐만 아니라,not only,그 애기는 걸을 뿐만 아니라 잘 달린다.,That baby not only walks well but also runs well.
(이)지요?,right?,카드로 계산 되지지요?,"I can pay with a credit card, right?"
군요,right?,병원에 가려면 여기 쭉 가면 되는군요.,"I can go this way straight to go to the hospital, right?"
네요,right?,그럼 다 합쳐서 4000원이네요.,"So, it is 4000won all together, right?"
-잖아(요),~right?,내가 많이 사줬잖아.,"I treated you many times, right?"
-(으)ㄹ 뻔하다,almost ~,과음해서 의식을 잃어버릴 뻔했어요.,I almost lost consciousness from overdrinking.
-(으)ㄹ 지경이다,almost~,그녀가 화낼 지경이에요.,She's almost mad.
-(으)려다가,is about to~,외출하려다가 누나가 찾아왔다.,"When I was about to go out, my sister came in."
-(으)려던 참이다,is about to,학교에 가려던 참이에요.,I was about to go to school.
고 있다,is / am [v]ing,지금 무슨 말 할까 생각하고 있어요.,I am thinking about what to say right now.
-게 하다,makes~,동생은 나를 짜증나게 한다.,My younger brother makes me annoyed.
-ㄴ/는다,is~,후식에 딸기를 먹는다.,I am eating strawberries for dessert.
-아/어지다,becoming~,인터넷으로 세계는 가까워지고 있어요.,The world is becoming closer through the Internet.
(으)ㄴ 적이 있다,I have,이 가게에 와 본 적이 있어요.,I have been to this store.
게 되다,happen to,한국에 오게 됐어요.,I happened to come to Korea.
-고 보면,actually~ once~,배우고 보면 한국어는 쉬워요.,Korean is actually easy to learn once you start learning.
-곤 하다,used to often~,우리는 분식점 앞에서 만나곤 했다.,We used to meet often in front of the cafeteria.
-더라고(요),was~,서울은 도쿄보다 춥더라고요.,Seoul was colder than Tokyo.
-던,used to~,내가 다니던 중학교는 지금은 없어요.,The middle school I used to go to is not there anymore.
(으)ㄹ 수 있다,can,저는 한국말 조금 할 수 있어요.,I can speak Korean a little bit.
고 싶다,want to,약국에 가고 싶어요.,I want to go to the pharmacy.
-는 수(가) 있다,can~,전문가라고 해도 실패하는 수가 있어요.,Even an expert can fail.
ㅂ/습니까?,[interrogative forms of formal polite style],언제 한국에 갑니까?,When are you going to Korea?
-(으)ㄴ/는/(으)ㄹ지,what/who/where~,지갑을 어디서 잃어버렸는지 모르겠다.,I don't know where I lost my wallet.
-(으)ㄴ가(요)?,Is ~?,여자 친구는 예쁜가요?,Is your girlfriend pretty?
-(으)ㄹ 만하다,It is worth~,타개책을 시도할 만합니다.,It is worth attempting a breakthrough.
-나(요)?,is it?,여기서 타면 되나?,Is it here where we ride?
-니/냐?,do you~?,기분 나쁘니?,Do you feel uncomfortable?
-던가(요)?,Is~?,오늘 결혼기념일이던가?,Is today our wedding anniversary?
-ㄴ/는다고 하다,say~,제 친구는 병원에 안 다닌다고 했어요.,My friend said that he didn't go to the hospital.
-ㄴ/는다던데,heard~,잘 생겼다던데 정말이야?,"I heard he is handsome, is that true?"
-ㄴ/는다면서(요)?,heard~,너 영어 잘한다면서?,I heard you are good at English?
-냐고 하다,ask,엄마가 시험은 언제냐고 저한테 물어봤어요.,My mom asked me when the exam was.
-더군(요),I heard~,따님에게 귀여운 이름을 지었더군요.,I heard that you have given your daughter a very cute name.
-더라,I heard~,그 남자는 경찰에 잡혔더라.,I heard the guy was caught by the police.
-자고 하다 (He/she),said to~,동료가 포기하지 말자고 했다.,My colleague said not to give up.
보다,more / better than,이것보다 이게 더 어울려요.,This goes better than this.
(으)ㄹ까요?,Should we,여기서 걸어갈까요?,Should we walk from here?
(으)ㅂ시다,Let's,순두부를 주문해 봅시다.,Let's order sundubu .
아/어/여 보다,try,이것도 시식해 보세요.,"Please, try eating this as well."
-자,let's,이제 문 닫자.,Let's close the door.
는 게 좋겠다,better to,시간이 없으니까 빨리 가는 게 좋겠어요.,It is better to hurry since we don't have much time.
-(으)ㄹ 텐데,should be~,거기에 있을 텐데.,It should be there.
-(으)ㄹ걸 (그랬다),should have~,우산 가져올 걸.,I should have brought an umbrella.
-(으)면 되다,should be okay~,웹사이트에서 접수하시면 됩니다.,It should be okay if you apply on the website.
-아/어야지,should~,일찍 결혼해야지.,You should marry quickly.
았/었/였으면 좋겠다,wish / hope,빨리 배달 왔으면 좋겠어요.,I hope the delivery arrives soon.
-았/었으면 하다,wish~,점심은 라면이었으면 해.,I wish the lunch menu is ramen.
(으)ㄹ래요?,would you,이걸로 계산하실래요?,Would you like to pay with this?
-았/었더라면,would have~,은행에서 돈을 찾았더라면 좋았을 텐데.,It would have been better if I withdrew the money from a bank.
(으)ㄹ 것이다,will be,여기 식당은 맛있을 거예요.,The restaurant here will be delicious.
(으)ㄹ게요,will,제가 할게요.,I will do it.
(으)ㄹ래요,will,저는 이걸로 할래요.,I will go with this one.
-(으)ㄴ/는 법이다 (It),will~,계속 노력한다면 개선되는 법이다.,"If you keep making an effort, you will get better."
-(으)ㄹ 테니(까),will~ so~,빨래를 널 테니까 애기를 봐줘.,"I will dry the laundry, so please look after the child."
-기/게 마련이다,will~,준비 안 하면 후회하기 마련이다.,"If you don't prepare, you will regret it."
(으)하려고,going to,한국말을 공부하려고 해요.,I am going to study Korean.
(으)하려고요,going / planning to,아이돌 콘서트에 가려고요.,I am going to go to a singer's concert.
기로 하다,decided to,오늘은 쇼핑하기로 했어요.,I decided to go shopping today.
-(으)ㄴ/는/(으)ㄹ 셈이다,going to do~,어떻게 할 셈이야?,What are you going to do?
-(으)ㄴ/는 김에,On the way~,마트에 가는 김에 친정에도 갔다.,"On the way to the supermarket, I visited my parent's house."
-는 길에,on the way~,집에 가는 길에 빵을 사 왔어요.,I bought bread on my way home.
-는 중이다,on the way~,지금 직장에 가는 중이에요.,I am on the way going to my office.
아/어/여야 되다,need to / must,한국어를 공부해야 돼요.,I need to study Korean.
아/어/여야 하다,need to / must,차 타고 가야 해요.,I need to ride a car.
-(으)ㄹ 리가 없다,There is no way~,돈이 부족할 리가 없어요.,There is no way the money is not enough.
-(으)ㄹ 수밖에 (없다),no other choice than~,시간이 없으니까 뛰어갈 수밖에 없다.,"We don't have much time, so there is no other choice than running."
-(으)ㄹ지라도,no matter~,아무리 어려울지라도 저는 해냅니다.,"No matter how tough it is, I will complete it."
-(이)나 -(이)나 할 것 없이,regardless of~,아이나 어른이나 할 것 없이 건강은 중요하다.,"Regardless of whether you are a child or an adult, health is important."
-고 말고(요),of course~,한국여행은 재미있고 말고요.,"Of course, traveling to Korea is fun."
-ㄴ/는다니까,I'm telling you~,아무리 이유를 설명해도 화를 낸다니까.,"I'm telling you no matter how many times I explain the reason, he is still angry."
-는 수밖에 (없다),no other choice than~,가족으로부터 돈을 빌리는 수밖에 없다.,There is no other choice than to borrow money from my family.
-든지,no matter~,좋든지 싫든지 수능 봐야 한다.,"No matter I wish or not, I need to take the university entrance examination."
-기 십상이다,tend to~,젊은 운전자는 실수하기 십상이다.,Young drivers tend to make mistakes.
-는 편이다,tend to~,저는 돈을 아끼는 편이에요.,I tend to save money.
-(으)ㄴ/는/(으)ㄹ 모양이다,seems like~,비가 오는 모양이다.,It seems like it is raining.
-ㄴ/는다고(요),seems like~,내일은 비가 온다고 해요.,It seems like tomorrow is going to rain.
-ㄴ/는다더라,seems like~,내일은 눈이 온다더라.,It seems like tomorrow is going to snow.
-나 보다,seem to~,둘이 사귀나 보다.,They seem to be dating.
-아/어 보이다,seem~,얼굴표정이 어제보다 밝아 보여요.,You seem to feel better than yesterday.
(으)ㄹ까 하다,is / am thinking of,명동에 갈까 해요.,I am thinking of going to Myeongdong .
(으)ㄴ 것 같다,I think / feel,택시 비용이 좀 비싼 것 같아요.,I think the taxi's price is a bit expensive.
(으)ㄹ 것 같다,I guess / assume,이 화장품은 인기가 많을 것 같아요.,I guess this cosmetic will be popular.
(으)ㄹ까 봐,thinking / worried that,여행가는데 현금이 모자랄까봐 걱정했어요.,I was worried that there won't be enough cash for the travel.
-(으)ㄴ/는/(으)ㄹ 줄 알았다,thought~,아저씨는 연예인이 된 줄 알았는데.,I thought he became a celebrity.
-(으)ㄴ가 보다,assume ~,그 사람은 선생님인가 봐요.,I assume he is a teacher.
-는구나,I see~,이 애기는 벌써 걷는구나.,I see the baby is already walking.
-던가(요)?,Is~?,오늘 결혼기념일이던가?,Is today our wedding anniversary?
-던데,I found (that),길을 막히던데 사고라도 났나?,I found a traffic jam. Was there an accident?
-았/었던 것 같다,think~,걔는 취업했던 것 같다.,I think he got a job.
마다,whenever,한국에 올 때마다 이 가게를 찾아요.,I visit this shop whenever I come to Korea.
(으)ㄴ 지,How long since,이 가게가 생긴 지 얼마나 됐어요?,How long has it been since this store has opened?
(으)ㄹ 때,when,내가 버스타고 있었을 때 잃어버렸어요.,I lost it when I was on the bus.
-는 사이에,when~,제가 없는 사이에 택배가 오면 받아주세요.,"If the delivery comes when I am not home, please take it for me."
-다(가) 보면,when focusing~,심호흡하다 보면 마음이 차분해집니다.,"When you focus on breathing deeply, you will feel calmer."
-아/어야,when~,술자리에는 친한 친구가 있어야 재미있다.,Drinking is fun when you have a close friend.
(으)면서,while,핸드폰을 보면서 걷지 마세요.,Do not walk while watching your phone.
-(으)ㄴ 채(로),while~,버스 안에서 앉은 채로 잠자버렸다.,I fell asleep while sitting on the bus.
-다(가) 보니(까),while focusing~ already~,작업하다 보니까 새벽이 됐어요.,"While I was focusing on my work, it was already morning."
-다가,while~,스마트폰을 사용하다가 모르면 물어보세요.,"When you don't know something while using a smartphone, please come and ask."
(으)세요,Please,삼겹살 2인분 주세요.,"Please, give us 2 servings of samgyeopsal ."
(으)십시오,Please,또 놀러 오십시오.,"Please, visit us again."
-아/어라,please~,공을 던져라.,Please throw the ball.
-는 (도)중에,in the middle of~,연기하는 중에 기침해버렸다.,I accidentally coughed when I was in the middle of acting.
-에다(가),in(to)~ / at~,우유는 냉장고에다가 넣었어요.,I put milk into the refrigerator.
아/어/여 주다,[v] (for) me / us,알려줘서 고마워요.,Thank you for telling me.
-(으)ㄹ 정도(로) ,(verb)ingly ,놀라울 정도로 크게 외쳤다.,He shouted surprisingly loud.
-기 쉽다,easy to~,저 선생님의 수업은 이해하기 쉬워요.,That teacher's class is easy to understand.
-기 어렵다,difficult to~,작은 신발로는 걷기 어렵다.,It is difficult to walk in small shoes.
-ㄴ/는 척하다,pretend to~,그 후배는 착한 척한다.,He is pretending to be nice.
-ㄴ/는다니,that~,5개국어를 한다니 대단합니다.,It's amazing that you can speak 5 languages.
-는 한,as far as~,내가 아는 한 그것은 사실이에요.,"As far as I know, it is true."
(이)야말로,the~,지금이야말로 역사적인 순간입니다.,This is the historical moment.
얼마나 -(으)ㄴ/는지,how~,그 당시에는 얼마나 가난했는지 몰라요.,You can't imagine how poor we were at the time.
